<?xml version="1.0" encoding="UTF-8"?><?xml-stylesheet type='text/xsl' href='_UpgradeReport_Files/UpgradeReport.xslt'?><UpgradeLog>
<Properties><Property Name="Solution" Value="K8055Demo">
</Property><Property Name="Solution File" Value="C:\Users\Asentaja\Documents\Programming\VC2008\K8055DemoVC_2008\K8055Demo\K8055Demo.sln">
</Property><Property Name="Date" Value="2. marraskuuta 2010">
</Property><Property Name="Time" Value="22:09:44">
</Property></Properties><Event ErrorLevel="2" Project="K8055Demo" Source="K8055Demo.vcproj" Description="The following error has occurred during XML parsing:&#xA;&#xA;File: C:\Users\Asentaja\Documents\Programming\VC2008\K8055DemoVC_2008\K8055Demo\K8055Demo.vcproj&#xA;Line: 10&#xA;Column: 2&#xA;Error Message:&#xA;9,00 on ristiriidassa kohteen 7.00 7,00 7.10 7,10 8.00 8,00 rajoituksen enumeration kanssa.&#xA;Määritteen Version, jonka arvo on 9,00, jäsentäminen epäonnistui.&#xA;&#xA;The file 'C:\Users\Asentaja\Documents\Programming\VC2008\K8055DemoVC_2008\K8055Demo\K8055Demo.vcproj' has failed to load.">
</Event><Event ErrorLevel="2" Project="K8055Demo" Source="K8055Demo.vcproj" Description="Project upgrade failed.">
</Event><Event ErrorLevel="3" Project="K8055Demo" Source="K8055Demo.vcproj" Description="Not Converted">
</Event></UpgradeLog>